{
  "DC": 99.6505114206604,
  "WA": 66.35179642844204,
  "VT": 47.90044371777697,
  "OR": 42.9521181717765,
  "NY": 38.378465812130045,
  "UT": 34.7979583088825,
  "MA": 34.77177905026391,
  "CO": 31.603542686905104,
  "CA": 28.566340079245048,
  "DE": 20.678866508611197,
  "MT": 18.826984717195156,
  "NC": 16.371939651104338,
  "MN": 16.03940989941686,
  "PA": 15.616386586773233,
  "TN": 14.771026926104984,
  "NH": 14.744282535839664,
  "NM": 14.316884187860426,
  "TX": 13.936386319416052,
  "WI": 13.760912403536006,
  "IL": 13.342667968492467,
  "MO": 13.058128913766074,
  "IA": 12.673688946483763,
  "GA": 12.358031175510185,
  "VA": 11.74027919557955,
  "ID": 11.401156533318739,
  "AZ": 11.155040279456069,
  "OK": 10.14435673239111,
  "MD": 9.929306646446184,
  "IN": 7.4717441053169225,
  "HI": 7.039819330076713,
  "MI": 7.002860668583117,
  "NJ": 6.735125475387607,
  "AR": 6.636085373238327,
  "FL": 6.57297825165821,
  "LA": 6.437798633384106,
  "AL": 6.137641521226726,
  "CT": 5.59806195095258,
  "OH": 5.132836965186191,
  "KY": 4.4758730302242276,
  "SC": 3.9338120389203497,
  "KS": 3.434649777348828,
  "NV": 3.2955531124521813,
  "SD": 0,
  "RI": 0,
  "MS": 0,
  "NE": 0,
  "ND": 0,
  "AK": 0,
  "ME": 0,
  "WV": 0,
  "WY": 0
}
